{"cameraMode":{"drawMode":0,"name":"Shaded","section":"Shading Mode"},"sceneLighting":true,"audioPlay":false,"sceneViewState":{"m_AlwaysRefresh":false,"showFog":true,"showSkybox":true,"showFlares":true,"showImageEffects":true,"showParticleSystems":true,"showVisualEffectGraphs":true,"m_FxEnabled":true},"in2DMode":false,"pivot":{"x":-294.6061706542969,"y":2.1913626194000246,"z":142.5124053955078},"rotation":{"x":0.011300388723611832,"y":-0.5373612642288208,"z":0.006860222201794386,"w":0.8434113264083862},"size":1.067590355873108,"orthographic":false}